lon,lat,场站名称,充电车位数
113.91799408089784,22.766900819840743,MA5DT8Q54,4
113.91390645078941,22.758373997423377,MA5DT8Q54,4
113.92036030271811,22.765859799198367,MA5DT8Q54,4
113.90560818322206,22.765744401030393,MA5DT8Q54,21
113.91088862233359,22.757156460062877,MA5DT8Q54,4
114.0147665069971,22.541611539540646,MA01H3BQ1,9
114.01387852593108,22.542966015174862,MA01H3BQ1,6
114.1991526672767,22.70688318010528,MA5DT8Q54,4
114.20231438008153,22.712394351060716,MA01H3BQ1,18
113.82485217643284,22.647943594662486,MA5DT8Q54,22
113.82485217643284,22.647943594662486,MA5DT8Q54,24
113.82368690487424,22.650020982914654,MA5DT8Q54,15
114.30998148882999,22.600462927891332,MA5DT8Q54,4
114.30897991087052,22.600552756390314,MA5DT8Q54,4
114.30892091491802,22.6018026896443,MA5DT8Q54,5
114.30998148882999,22.600462927891332,MA5DT8Q54,4
114.11447438597665,22.678213705328655,MA5DT8Q54,37
114.2458233205443,22.70782301345413,MA5DT8Q54,26
114.26418586658271,22.710782308415258,MA5DT8Q54,80
114.26514045524407,22.714448625612825,MA01H3BQ1,11
113.89945744008368,22.513363731536785,MA5DT8Q54,4
113.90526580791305,22.517421244757365,MA5DT8Q54,4
114.04626537063584,22.59403170076111,MA5DT8Q54,195
114.05204301338303,22.605118170873617,MA5DT8Q54,4
114.04532169106066,22.594866507902957,MA5DT8Q54,10
114.03880263244635,22.602273602226997,MA5DT8Q54,4
114.03880263179568,22.602283600817525,MA5DT8Q54,4
114.04630858193904,22.605166080055746,MA5DT8Q54,4
114.04807851840818,22.598780475722897,MA01H3BQ1,9
114.03760395586725,22.61396061839122,MA01H3BQ1,14
114.0404198018972,22.60377575311065,MA01H3BQ1,19
114.03867272783737,22.604239618206925,MA01H3BQ1,7
114.04211725038577,22.600487495733994,MA01H3BQ1,5
113.87120123236589,22.558108672403225,MA01H3BQ1,28
113.90271223664071,22.511324194172122,MA5DT8Q54,4
113.92264911247239,22.515474113173045,MA5DT8Q54,4
113.90181968133726,22.51367134625138,MA5DT8Q54,27
113.91231333413543,22.509268740262367,MA5DT8Q54,4
113.91602229367695,22.503126982556484,MA01H3BQ1,6
113.92074006753889,22.514698244790154,MA01H3BQ1,42
113.934080552585,22.50924031577353,MA01H3BQ1,9
113.91529208022381,22.508677510619478,MA01H3BQ1,23
114.1854938287747,22.56074281787392,MA5DT8Q54,4
114.1854938287747,22.56074281787392,MA5DT8Q54,4
114.1854938287747,22.56074281787392,MA5DT8Q54,16
114.1854938287747,22.56074281787392,MA5DT8Q54,11
114.18549281822412,22.560867805125863,MA5DT8Q54,4
114.1854927850002,22.561387759205687,MA5DT8Q54,4
114.17191149666937,22.568035282978784,MA5DT8Q54,21
114.17380262311205,22.56753287937905,MA01H3BQ1,6
114.23407888198544,22.561371032144304,MA5DT8Q54,11
114.23416507615873,22.55975520884096,MA5DT8Q54,4
114.0348553564023,22.66864177955404,MA5DT8Q54,4
114.03128083370271,22.674083333698857,MA5DT8Q54,4
114.02449801113787,22.67146654102647,MA5DT8Q54,17
114.24481764321828,22.56689177253815,MA5DT8Q54,22
114.24325266270944,22.566117789642462,MA5DT8Q54,11
114.24992196622486,22.572010803602577,MA5DT8Q54,4
114.2416254779207,22.566213623109157,MA5DT8Q54,11
114.24528464976156,22.571335332954316,MA5DT8Q54,35
114.24838434387048,22.571055143987614,MA5DT8Q54,16
114.10888847783019,22.575884913515218,MA5DT8Q54,5
114.11284010316565,22.657430898382092,MA5DT8Q54,6
114.40478546173661,22.615685339150932,MA5DT8Q54,4
114.03925937839247,22.74716284008418,MA5DT8Q54,14
114.02439236748815,22.76139637443829,MA5DT8Q54,12
114.03292243900192,22.768949982474965,MA5CTTPE8,4
114.03170280622707,22.76887302810635,MA5CTTPE8,4
113.99030282996355,22.551639145906574,MA5DT8Q54,20
114.00101354931941,22.53793253546841,MA5DT8Q54,4
113.99239229833168,22.53974561295675,MA5DT8Q54,4
113.99402342906203,22.551060889354698,MA01H3BQ1,19
114.0054985244746,22.549935238901952,MA01H3BQ1,6
114.06177722703477,22.530943857962768,MA5DT8Q54,5
114.06177722703477,22.530943857962768,MA5DT8Q54,4
114.06614015088374,22.533298082764787,MA5DT8Q54,4
113.80150547687622,22.746843922009916,MA5DT8Q54,4
113.83049430380447,22.741848871179506,MA5DT8Q54,24
113.83649538620476,22.7395676289444,MA5DT8Q54,4
113.83243845390312,22.742519292730343,MA5DT8Q54,18
113.83553474523754,22.741293365097846,MA5DT8Q54,4
113.80834108745246,22.743262044752814,MA5DT8Q54,19
113.80454523046816,22.760478992540968,MA5DT8Q54,4
113.97080984178325,22.558416922093848,MA5DT8Q54,4
113.97335147934093,22.566181052761625,MA01H3BQ1,4
113.94624156179381,22.560100804236637,MA01H3BQ1,11
113.97766804837602,22.553598702832097,MA01H3BQ1,8
113.97398590790999,22.567548113092055,MA01H3BQ1,20
114.3892805899324,22.75606397233238,MA5DT8Q54,120
114.43116215082237,22.781499008441386,MA5CTTPE8,20
114.17006451837426,22.64579942165015,MA5DT8Q54,8
114.17187267793187,22.64159863215581,MA5DT8Q54,4
114.16960930426873,22.64550561982095,MA5DT8Q54,5
114.18345263813094,22.653695575920253,MA01H3BQ1,14
113.86444296844255,22.78384171117704,MA5DT8Q54,4
113.8685199532209,22.78376253809104,MA5DT8Q54,4
113.86578225836739,22.727309867489087,MA5DT8Q54,4
114.00902282122442,22.534328735191938,MA5DT8Q54,9
113.91278592655084,22.72080590979977,MA5DT8Q54,31
113.91175894129518,22.720977564890426,MA5DT8Q54,27
113.91175894129518,22.720977564890426,MA5DT8Q54,38
113.91208295059165,22.720790400178338,MA5DT8Q54,4
113.89539597543389,22.713830313117633,MA5DT8Q54,4
114.10103039202997,22.563975135626823,MA5DT8Q54,4
114.23784696604912,22.587562551250585,MA5DT8Q54,29
114.23600899058975,22.591099550771926,MA5DT8Q54,5
114.24873623823925,22.59115080285183,MA01H3BQ1,10
114.0440444570217,22.673707954530165,MA5DT8Q54,21
114.31003340273496,22.788231610022954,MA5DT8Q54,4
114.21340561687497,22.731940087469486,MA5DT8Q54,4
114.21340561687497,22.731940087469486,MA5DT8Q54,14
113.89653018950798,22.80247772156201,MA5DT8Q54,4
114.05875922301813,22.676885533910365,MA5DT8Q54,4
114.05801096051032,22.676194840728208,MA5DT8Q54,10
114.06026690267775,22.67691828455359,MA5DT8Q54,14
114.05745455542832,22.67521893295227,MA5DT8Q54,299
114.04078203576688,22.713439104327865,MA5DT8Q54,5
114.04078203576688,22.713439104327865,MA5DT8Q54,9
114.05096825211751,22.69799850524924,MA01H3BQ1,23
113.83742988474485,22.738841539045993,MA5DT8Q54,4
113.84287002358312,22.737542580114464,MA5DT8Q54,4
113.84904417663414,22.70979074037979,MA5DT8Q54,4
113.850092549353,22.712364750730373,MA5DT8Q54,4
113.93159462532739,22.562651328993155,MA5DT8Q54,4
113.91602773059486,22.748812239172825,MA5DT8Q54,39
113.91817062102335,22.741867396647898,MA5DT8Q54,4
113.92692339731137,22.73727574189166,MA5DT8Q54,4
114.36424946366058,22.610117050309434,MA5DT8Q54,10
114.36116416965186,22.612133784286343,MA5DT8Q54,4
114.14633505706458,22.632683153111763,MA01H3BQ1,10
114.26747983103486,22.762172733033783,MA5DT8Q54,4
114.27364407982435,22.765645877845362,MA01H3BQ1,17
114.2660071997108,22.76256379193682,MA01H3BQ1,24
114.2660071997108,22.76256379193682,MA01H3BQ1,4
113.82652119309617,22.76419852790263,MA5DT8Q54,4
113.80737493933458,22.784141325521272,MA5DT8Q54,17
113.80901471513488,22.776017981618367,MA01H3BQ1,30
113.80936563031898,22.77599562609837,MA01H3BQ1,34
114.08868144471661,22.56473908007061,MA5DT8Q54,22
114.09567711732649,22.5657937282145,MA01H3BQ1,14
114.09747852102184,22.568647733667344,MA01H3BQ1,6
113.83395048368205,22.695651959107614,MA5DT8Q54,4
113.8260660342572,22.685474709917468,MA01H3BQ1,15
113.82604095034876,22.685729601619066,MA01H3BQ1,5
113.83817749152014,22.697483208227652,MA01H3BQ1,8
114.36955837097265,22.74845876975251,MA5DT8Q54,22
114.45071875927052,22.97881490655455,MA51CMNT6,11
113.83080172286107,22.592213826922706,MA5DT8Q54,24
114.12587984928537,22.673444967282784,MA5DT8Q54,34
114.12587984928537,22.673444967282784,MA5DT8Q54,23
114.1052525229685,22.699388119558332,MA5DT8Q54,20
114.16396717708133,22.564851591527443,MA5DT8Q54,10
113.84422068552345,22.577238791241342,MA01H3BQ1,5
113.85162921843948,22.57123763572579,MA01H3BQ1,11
113.8398360826183,22.630563533583167,MA5DT8Q54,10
114.10295734474438,22.659292369792986,MA5DT8Q54,9
114.21440967811264,22.665680002908708,MA5DT8Q54,28
114.0431267985011,22.50614567962223,MA5DT8Q54,4
114.04982804232563,22.508997193897947,MA5DT8Q54,4
114.03713865176624,22.50832599442095,MA5DT8Q54,4
113.84506237678607,22.630960574060886,MA5DT8Q54,4
113.84289400034051,22.62942311326783,MA01H3BQ1,4
113.92443854123134,22.666569071717298,MA01H3BQ1,6
113.93643706729982,22.6812379530267,MA01H3BQ1,13
114.12776714841084,22.66767866597122,MA5DT8Q54,4
113.90686535139945,22.57915022509411,MA5DT8Q54,4
114.29434674101981,22.60276670340864,MA5DT8Q54,15
114.1082747137173,22.666363683710284,MA5DT8Q54,4
114.29915156458779,22.609081887791305,MA5DT8Q54,4
114.3573073378619,22.60851276281116,MA5DT8Q54,4
113.94834931932041,22.684323859817777,MA5DT8Q54,4
114.05281670527023,22.687519776587013,MA5DT8Q54,21
114.09945293512968,22.591632604410293,MA5DT8Q54,4
113.85495659688289,22.7499295380712,MA5DT8Q54,8
114.1105717408238,22.67083326397557,MA5DT8Q54,4
113.92173544716913,22.78534891748143,MA5DT8Q54,21
114.02787087233004,22.748204272339922,MA5DT8Q54,4
113.88134937138086,22.795817843025898,MA5DT8Q54,22
114.4275220698584,23.029001220672484,MA01H3BQ1,10
113.34038996527067,23.16581813410259,G18465822,8
113.12755661289243,22.61000575572013,MA5CTTPE8,7
113.71419077753652,23.165464091409078,MA5CTTPE8,4
113.71161844807389,23.166623582721606,MA5CTTPE8,4
113.58186676051531,22.77151378541894,MA5CTTPE8,4
113.57413010237742,23.113108353654617,MA59G0765,4
113.72535056433499,23.705200474997095,MA5CTTPE8,4
113.72993179033242,23.707932105976518,MA5CTTPE8,10
113.72994279061892,23.707922097598747,MA5CTTPE8,10
113.72016727850647,23.704402543244555,MA5CTTPE8,4
113.7151417837544,23.705414732818905,MA5CTTPE8,8
113.47985266381673,23.74186885603189,MA5CTTPE8,4
113.48954200361734,23.15557086218609,MA5CTTPE8,14
113.49097095072206,23.156224894857598,MA5CTTPE8,4
113.44151557556661,23.042791761855685,MA59G0765,6
113.38995545092651,22.985586056395636,MA5CTTPE8,4
113.4067144259406,22.96007526145758,MA59G0765,28
113.34445912949283,22.99344097828508,MA5CTTPE8,5
113.35569393969621,22.98017856044455,MA01H3BQ1,4
113.65112161804684,23.644667599919874,MA5CTTPE8,6
113.4709136589362,22.87827696417441,MA5CTTPE8,7
113.47827855938455,22.94328806966703,MA01H3BQ1,4
113.47827855938455,22.94328806966703,MA01H3BQ1,4
113.58206301095248,22.77037524858422,MA5CTTPE8,4
113.33810529037778,23.166801880196825,MA5CTTPE8,10
113.34032167594411,23.171945913673028,MA59G0765,6
113.27476461274289,23.58476584799353,MA5CTTPE8,6
113.63840075066689,23.60841998766302,MA5CTTPE8,9
113.542768148789,23.566973687235883,MA01H3BQ1,10
113.542768148789,23.566973687235883,MA01H3BQ1,4
113.47780467350604,23.43632530161587,MA5CTTPE8,4
113.34467238340272,23.450249135155936,MA5CTTPE8,5
113.45653835471246,23.433140506985904,MA5CTTPE8,4
113.45337877204089,23.430149342453632,MA5CTTPE8,4
113.34922705411276,23.45338217340127,MA5CTTPE8,4
113.04834319293461,23.322288009070885,MA5CTTPE8,14
113.30673395205434,22.974347526029977,MA5CTTPE8,4
113.3067353228109,22.968805905311385,MA5CTTPE8,4
113.27230981734408,22.96016520095686,MA5CTTPE8,4
113.35151650371871,23.099900722965184,MA5CTTPE8,4
113.35816108910647,23.098807158964338,MA01H3BQ1,6
113.45123214006918,22.854806066433976,MA5CTTPE8,4
113.30288969056079,23.55811223439991,MA5CTTPE8,11
113.4521584280728,22.990815769581356,MA5CTTPE8,4
113.45329747209038,22.991193245944764,MA5CTTPE8,4
113.57337246177816,23.38125305376641,MA5CTTPE8,4
113.57289594346358,23.379581948560887,MA5CTTPE8,4
113.33732230534284,23.101048669628007,MA01H3BQ1,4
113.33734625883969,23.10104562708455,MA01H3BQ1,11
113.337490651444,23.105823381806793,MA5CTTPE8,19
113.47206031595545,23.191147334461647,MA5CTTPE8,4
113.35377116350824,23.284005462613802,MA5CTTPE8,5
113.35406603992014,23.293428319315172,MA5CTTPE8,10
113.3368300104752,23.294658266441864,MA59G0765,10
113.35589667039648,23.28589870795069,MA59G0765,49
113.4988923534332,23.176709852081622,MA5CTTPE8,4
113.49131775422921,23.177218886188168,MA59G0765,10
113.32681062846977,23.288168914610537,MA01H3BQ1,4
113.32575290662187,23.28664237183845,MA01H3BQ1,45
113.79213144162856,23.409095174361994,MA5CTTPE8,5
113.78666897590962,23.413830442987386,MA01H3BQ1,4
113.67046788354992,23.191920493109933,MA5CTTPE8,7
113.67118384097408,23.19083552748786,MA5CTTPE8,7
113.29908676269179,23.326842949844508,MA5CTTPE8,48
113.29846093935636,23.326655056235573,MA01H3BQ1,12
113.29841489177005,23.328604654849272,MA59G0765,6
113.21932094241811,23.207094228823156,MA59G0765,4
113.06190481663431,23.315510297814015,MA5CTTPE8,4
113.52285421885263,23.513621723245546,MA5CTTPE8,4
113.43393180699066,23.157780663196807,MA59G0765,4
113.46234469080807,23.164096281574356,MA5DT8Q54,14
113.20882878808831,23.0763275049426,MA01H3BQ1,5
113.20763249201283,23.073794072351152,MA01H3BQ1,4
113.35958127614616,22.86025470788524,MA5CTTPE8,5
113.32425397967434,22.874889990680057,MA5CTTPE8,6
113.71126202127947,23.191888504082122,MA5CTTPE8,5
113.5283767556741,23.511123255000808,MA5CTTPE8,6
113.85414923437946,23.709520739031863,MA5CTTPE8,12
113.60348165769048,22.645238001743,MA5CTTPE8,34
113.52615553221109,22.791814338813907,MA01H3BQ1,5
113.20061624996559,23.16071402683481,MA5CTTPE8,13
113.39945206775747,23.12458716365571,MA5CTTPE8,5
114.33003432633043,23.02079587772358,MA51CMNT6,4
114.33673722854664,23.022323678010842,MA5CTTPE8,4
114.33720840319505,23.024429900007323,MA01H3BQ1,10
114.3268534080232,23.032376915621626,MA01H3BQ1,9
113.51855103038457,22.269415317995247,MA59G0765,4
113.27277881213136,22.269745594572644,MA5CTTPE8,8
113.27520392633461,22.269524963351493,MA5CTTPE8,10
113.12549225093468,22.579202126016728,MA5CTTPE8,4
113.69323559275468,22.944561209535184,MA5CTTPE8,4
113.51823846641767,23.848531362746833,MA5CTTPE8,4
113.51113405477662,23.840172307302904,MA5CTTPE8,4
113.52915936458625,23.863239618410315,MA5CTTPE8,4
113.53210226952235,23.862957846415874,MA5CTTPE8,6
113.65916044564082,24.15693496421411,MA5CTTPE8,4
113.65785948681616,24.1568303754234,MA5CTTPE8,4
113.76973291315359,24.411395123307837,MA5CTTPE8,6
113.7722330582167,24.411117415007205,MA5CTTPE8,5
113.59060459647056,24.641673291438785,MA5CTTPE8,7
113.59295561762804,24.641893376711817,MA5CTTPE8,4
113.32539350470404,24.777216500200648,MA5CTTPE8,4
113.32416013770374,24.776382930116707,MA5CTTPE8,4
113.10438673933487,25.087906899459096,MA5CTTPE8,4
113.10579727509804,25.08733670736603,MA5CTTPE8,4
110.45240330821694,21.441644031630545,MA5CTTPE8,4
110.45160458145165,21.44335850090218,MA5CTTPE8,4
116.7366466860406,23.612288613972716,MA5CTTPE8,4
116.73706555098899,23.609683210972584,MA5CTTPE8,4
116.28288937500122,23.57785452544673,MA5CTTPE8,5
116.17221937263524,24.653967236599193,MA5CTTPE8,8
116.17483275182889,24.651563122832556,MA5CTTPE8,4
112.99577296665245,23.003632595572615,MA5CTTPE8,4
112.99203484124915,22.995986281942308,MA5CTTPE8,4
112.21058844982196,22.735502730470788,MA5CTTPE8,4
112.21024780231254,22.737857636244932,MA5CTTPE8,4
111.5609685751118,22.792790416206483,MA5CTTPE8,4
114.33371161346099,22.86951574845223,MA5CTTPE8,4
112.48934993794649,23.109772863292786,MA01H3BQ1,10
112.81653957473503,22.249797471758534,MA5CTTPE8,4
112.82210935801652,22.248591602279923,MA5CTTPE8,4
112.81675097832783,22.2492066882975,93953763R,7
112.81681904883739,22.249963046238854,MA5CTTPE8,4
114.65542469628714,23.655302185808228,MA5CTTPE8,4
114.62591321771136,23.62962202735524,MA5CTTPE8,7
114.65498851696346,23.655491024853422,MA51FG5T1,4
113.51393658950371,22.256068438257547,MA59G0765,4
113.50879942051768,22.252376467569235,MA59G0765,7
113.5148200256724,22.24859270652918,MA59G0765,4
113.33880652216772,25.087289204120033,MA5CTTPE8,4
113.33128257416973,25.088134041351452,MA5CTTPE8,4
112.96405904353813,22.590354579312734,MA5CTTPE8,5
112.11124998882708,22.95446044875349,MA5CTTPE8,4
112.1121916944975,22.958556438607776,MA5CTTPE8,5
112.11176450716471,22.954614780131482,MA5CTTPE8,4
112.2263580900832,22.922060890830014,MA5CTTPE8,4
112.23401679314301,22.921474279676378,MA5CTTPE8,4
112.22556037329683,22.92196837631113,MA5CTTPE8,4
112.89420956702482,23.04805162369568,MA5CTTPE8,4
112.89130764124921,23.05178051113677,MA5CTTPE8,4
113.17142336090625,23.059872170461734,MA5CTTPE8,4
113.17370394948834,23.054612698935326,MA01H3BQ1,31
112.97669405217775,22.886568277866406,MA5CTTPE8,5
112.99563415977194,22.8722391453331,MA5CTTPE8,4
113.14584864353327,23.272068933412346,MA5CTTPE8,8
113.00081278049376,23.12664817938666,MA5CTTPE8,7
113.15279865486993,23.154282440678145,MA5CTTPE8,4
113.15300996505465,23.15524844818416,MA5CTTPE8,4
113.15292259012377,23.158487029315253,MA5CTTPE8,16
112.57658378435394,22.789366929307892,MA5CTTPE8,5
112.56537615489597,22.807615645871987,MA5CTTPE8,4
113.46342454335633,22.254562175915144,MA5CTTPE8,5
113.46172166373911,22.25124276338723,MA59G0765,4
113.3584130209213,22.30807224257617,MA5CTTPE8,4
113.3523433003522,22.310508893201316,MA5CTTPE8,12
113.2063935573572,22.612350985016356,MA5CTTPE8,4
113.2063591035551,22.61858196499876,MA5CTTPE8,7
113.20878948160282,22.613099930760804,MA01H3BQ1,17
113.20803856038253,22.613210971881987,MA01H3BQ1,16
113.20859424725455,22.613074691311464,MA01H3BQ1,31
113.2153127588654,22.612075568182604,MA5CTTPE8,5
113.19966919831121,22.59970041056563,MA5CTTPE8,9
113.38236614132045,22.59119614526073,MA5CTTPE8,4
113.29535210802281,22.725368272189243,MA5CTTPE8,4
114.31161303692755,22.944789643543356,MA5CTTPE8,4
114.30847648001345,22.945754019283754,MA5CTTPE8,9
114.54123426185127,22.859297220370348,MA5CTTPE8,4
114.52885335745741,22.84082583234803,MA5CTTPE8,5
114.5461962069046,22.868222152742597,MA5CTTPE8,7
111.54129718181481,23.13563617049349,MA5CTTPE8,4
112.99096553177043,23.742347447397385,MA4WTWF39,4
112.92212656319315,23.918922125879558,MA5CTTPE8,4
112.77060105718148,24.11484311276634,MA5CTTPE8,4
113.5742378998063,23.87038289483421,MA5CTTPE8,4
113.33575197411723,22.044050003253446,MA5CTTPE8,11
112.96611794409039,22.41216243785556,MA5CTTPE8,4
113.20880822220244,22.495442116107068,MA5CTTPE8,4
113.27157016808431,22.115753121039376,MA5CTTPE8,4
112.69115812908406,23.178486573165372,MA5CTTPE8,4
112.67964683078314,23.268388235649923,MA5CTTPE8,4
113.27929328821146,22.22832768511642,MA59G0765,4
113.27273860608916,22.227469760627567,MA5CTTPE8,7
113.27215031007363,22.226992198740078,MA5CTTPE8,10
113.27278354530678,22.227606759437396,MA5CTTPE8,4
113.06294026954744,25.18227611831498,MA5CTTPE8,4
113.06602196291465,25.17214575562643,MA5CTTPE8,4
113.27297491469338,24.781072410838124,MA5CTTPE8,4
113.27050192323966,24.778790067553068,MA5CTTPE8,5
113.40045105281456,24.873873106894255,MA5CTTPE8,4
114.29986904892007,24.144792332456984,MA5DT8Q54,5
114.29817614775163,24.14553549438222,MA5DT8Q54,4
113.81760946703267,24.97091839971689,MA5CTTPE8,4
114.1212626653495,24.440166075441024,MA5CTTPE8,4
113.51974529570901,24.673353412536134,MA5CTTPE8,4
116.15684865652251,24.62403595238782,MA5CTTPE8,4
112.49318333762525,21.859089485147464,MA5CTTPE8,4
112.5630029576573,21.823452074012856,MA5CTTPE8,4
111.71250316848506,22.62061920380462,MA5CTTPE8,4
116.51996265457655,23.540611603935044,MA5CTTPE8,4
116.89140706878709,23.853006159138467,MA5CTTPE8,4
113.52899899757536,22.223406046011313,MA5CTTPE8,7
113.53029088712518,22.22349933547943,MA59G0765,6
111.6062571037029,22.65179378717435,MA5CTTPE8,4
112.1563119689456,23.896186115780214,MA5CTTPE8,4
113.53760307801933,22.222530561101856,MA5CTTPE8,4
113.53636778548848,22.220003871369073,MA5CTTPE8,4
112.70805274834026,23.378732020693903,MA5CTTPE8,4
111.93863718690028,22.745895016595863,756467313,4
111.93895759272321,22.746084372483175,MA5CTTPE8,4
112.11560564747043,21.964802772869326,MA5CTTPE8,4
112.20679316781363,21.83777050665739,MA5CTTPE8,4
111.6676290175582,22.70646592444484,MA5CTTPE8,4
114.15238244719025,22.760969734793207,MA59G0765,4
113.55663316660703,23.077376001713933,MA5CTTPE8,4
113.54550946426359,23.06542197424083,MA5CTTPE8,5
114.00257105333984,23.03829616042013,MA5CTTPE8,8
113.01067951519022,22.77483036108382,MA5CTTPE8,4
113.67743558785722,23.019845783025996,MA5CTTPE8,7
115.81841462713456,24.144273559103706,MA5CTTPE8,4
115.81841462713456,24.144273559103706,MA5CTTPE8,5
116.1525434051438,24.56800912719966,MA5CTTPE8,5
116.15410495931131,24.56922905421676,MA5CTTPE8,4
115.35051788048055,22.835388952737194,MA5CTTPE8,4
113.15998793710506,23.06191871795097,MA5CTTPE8,4
113.16490702926781,23.062442764192884,MA01H3BQ1,5
114.92254984363895,24.447701277107697,MA5CTTPE8,7
116.10665803861929,24.25877279204767,MA5CTTPE8,4
112.55959919503351,23.157602276937858,MA5CTTPE8,4
112.55310336633289,23.161656284727012,MA5CTTPE8,12
112.55930683258309,23.15647228419898,MA5CTTPE8,4
112.55629926536507,23.15442843195794,MA5CTTPE8,4
112.55711256165867,23.15465663668203,MA5CTTPE8,4
112.55261047074019,23.161922321833945,MA5CTTPE8,4
112.56335007535336,23.162975419659034,MA5CTTPE8,6
112.56098826546057,23.20361107743758,MA5CTTPE8,4
113.65543983979379,23.04789441135688,MA5CTTPE8,4
113.6538201717985,23.049864569116238,MA5CTTPE8,4
113.65231259767667,23.047473368825624,MA5CTTPE8,4
114.48339332256643,23.333630652618602,MA5CTTPE8,4
114.48160395637498,23.334682138276563,MA5CTTPE8,4
111.54087532675969,23.15119910438357,MA5CTTPE8,4
111.53950847104379,23.15117909561489,MA5CTTPE8,4
113.15863111881049,22.843437526172494,MA5CTTPE8,4
113.16011470592979,22.84548552644874,MA5CTTPE8,4
112.89532540244022,23.04710413110655,MA5CTTPE8,4
110.22422185983623,20.95721787154655,MA5CTTPE8,6
111.74164149162539,23.500814570505963,MA5CTTPE8,4
112.62828259491128,23.05099149975717,MA5CTTPE8,4
112.62867487081778,23.05236438457098,MA5CTTPE8,4
112.97474462036298,23.43190055086705,MA5CTTPE8,5
112.97403096616262,23.433179443017846,MA5CTTPE8,4
113.2833464035005,22.535535916476242,MA5CTTPE8,4
113.28179763633162,22.53607492721945,MA5CTTPE8,4
112.82122200484383,22.546238537355222,MA5CTTPE8,4
112.82455470165812,22.548460687712648,MA5CTTPE8,4
115.063150100128,23.935898468417903,MA5CTTPE8,4
115.06330097914154,23.93407454510318,MA5CTTPE8,4
113.27994764046151,22.590905313651614,MA5CTTPE8,4
113.2788353071474,22.588762944516905,MA5CTTPE8,4
113.81621793828532,22.865365878559867,MA5CTTPE8,4
113.8177568979285,22.867819800858125,MA5CTTPE8,5
114.82421525654274,24.20617161822651,MA5CTTPE8,4
114.82264903349093,24.207892318738296,MA5CTTPE8,4
114.91173238645497,24.4856276894649,MA5CTTPE8,4
114.90846079687579,24.486928779830084,MA5CTTPE8,4
115.3018169257999,24.098107238725753,MA5CTTPE8,4
115.30392571129778,24.099152978383056,MA5CTTPE8,4
112.8217839315246,22.95304486086941,MA5CTTPE8,4
112.81808143925649,22.95305286829731,MA5CTTPE8,4
112.76110305483674,22.937161977903923,MA5CTTPE8,6
114.67946158007808,23.76100750322691,MA5CTTPE8,6
114.67379902571643,23.771192950367357,MA59G0765,4
113.30617412581022,22.70476919077086,MA5CTTPE8,4
113.32307764719424,22.572665726867886,MA5CTTPE8,4
113.31362534391498,22.582691618223503,MA59G0765,4
113.32347086797934,22.572244017768863,MA01H3BQ1,4
112.21033558675393,22.046282533516845,MA5CTTPE8,4
112.27448940591601,21.857024045823596,MA5CTTPE8,4
112.0961571035407,21.95548776029338,MA5CTTPE8,4
113.26877936557419,22.496335346771076,MA5CTTPE8,4
113.01875754995086,22.618440002118906,MA5CTTPE8,4
113.35630421462078,22.755842238846515,MA5CTTPE8,9
113.35229281208497,22.75264133358548,MA5CTTPE8,4
112.90208894188054,23.168204866631083,MA5CTTPE8,5
113.3160591357609,22.736309119092606,MA5CTTPE8,4
112.83613691293188,23.106154319477337,MA5CTTPE8,5
112.05449052940023,22.584254623856822,MA5CTTPE8,4
113.02302126965915,22.91081427093828,MA5CTTPE8,4
113.18308115021703,22.902644717965984,MA5CTTPE8,4
113.17883359280994,22.90189733528686,MA5CTTPE8,4
113.1872878337842,22.91203824063906,MA5CTTPE8,5
113.18852019948565,22.90792205531332,MA5CTTPE8,4
113.05032333788743,22.928851437085235,MA5CTTPE8,4
113.54248170823716,22.46516519277887,MA5CTTPE8,4
113.2181914759708,23.0350284658016,MA5CTTPE8,10
112.92692520036908,23.15248525937183,MA5CTTPE8,5
112.99553038657294,23.08559719997508,MA5CTTPE8,46
112.94838337103876,23.137406948503934,MA5CTTPE8,7
113.02654965459742,22.917764959574928,MA5CTTPE8,4
113.0298617881328,22.91349716704377,MA5CTTPE8,4
113.06149316206027,22.835152702918503,MA5CTTPE8,4
113.06532696988761,22.847052198164853,MA5CTTPE8,4
113.1526208867474,22.68456538988093,MA5CTTPE8,4
113.49002344521995,22.249500516953468,MA5CTTPE8,4
113.48793725891606,22.248920094315235,MA59G0765,4
113.4938476667236,22.250720375253753,MA59G0765,4
113.134436015008,23.124333569096716,MA5CTTPE8,6
113.12024025347024,23.106665335806422,MA01H3BQ1,4
115.91112049100006,23.843506700952936,MA5CTTPE8,4
115.93894691153072,23.83393822871243,MA5CTTPE8,4
113.19807018153789,22.986734111228355,MA5CTTPE8,4
113.21839031245453,22.980237312238348,MA5CTTPE8,4
113.21877329740683,22.86534040921505,MA5CTTPE8,4
113.21775238843117,22.865149512969055,MA59G0765,4
113.2175820367669,22.86807819819662,MA5CTTPE8,4
113.23177568517062,22.956731988623478,MA5CTTPE8,5
112.90470761061653,22.993470942015612,MA5CTTPE8,4
112.8972842756851,23.025188611562406,MA5CTTPE8,4
112.89725528523272,23.025184613837368,MA5CTTPE8,9
113.3057210942273,22.823283540839505,MA5CTTPE8,4
113.31724542654672,22.77032638834129,MA5CTTPE8,4
113.30968195106925,22.7529520792905,MA5CTTPE8,5
113.30481590391128,22.822662392709457,MA5CTTPE8,22
113.35201020342684,22.812951647820306,MA59G0765,4
113.37850399976679,22.7931398029815,MA59G0765,4
113.28375937121481,22.404900042386902,MA5CTTPE8,4
113.28043861718722,22.41353935459937,MA5CTTPE8,7
113.29788708676537,22.39941885964386,MA5CTTPE8,7
113.26260951355479,22.86688492084909,MA5CTTPE8,4
115.67999179261858,23.689990644641057,MA5CTTPE8,4
113.17691152848352,22.88038550351306,MA5CTTPE8,4
113.18190573950037,22.877551754682955,MA5CTTPE8,4
113.17940791035204,22.882755144971537,MA5CTTPE8,7
114.68379532690214,24.217960833579443,MA5CTTPE8,4
114.7729661227637,24.21142652218204,MA5CTTPE8,4
116.57461094449809,24.40503267893932,MA5CTTPE8,4
116.57338558072023,24.39621751160142,MA5CTTPE8,4
116.56811745986906,24.399463963887648,MA5CTTPE8,4
113.24038842219235,22.94663902360404,MA5CTTPE8,6
113.15996515566938,22.95404008621546,MA5CTTPE8,8
113.01553740299366,22.78304154391455,MA5CTTPE8,6
113.2859515264053,22.730630092888042,MA5CTTPE8,4
113.28334478499647,22.726382882776416,MA5CTTPE8,4
113.28394704391405,22.73901742863618,MA5CTTPE8,8
113.5478351160266,23.05147153345992,MA5CTTPE8,5
113.54585026675467,23.05097383819157,MA5CTTPE8,7
113.56254060511885,24.704616505787573,MA5CTTPE8,4
112.8882025882956,22.973407342888272,MA5CTTPE8,4
112.8832036491909,22.987125075330976,MA5CTTPE8,4
112.88226852560746,22.98408183275166,MA5CTTPE8,4
113.69352454711705,22.954963304509466,MA5CTTPE8,4
112.21624864329712,23.814787483184723,MA5CTTPE8,4
114.0778796287209,23.1714782505146,MA5CTTPE8,4
114.07741777105812,23.169465336158378,MA5CTTPE8,4
112.21639263818821,23.817600539480775,MA5CTTPE8,4
113.95647440312732,22.880078619949963,MA5CTTPE8,7
113.95661402085112,22.881876557943468,MA5CTTPE8,4
112.33154033104586,22.358076531276456,MA5DT8Q54,4
112.33062521615027,22.35632193925785,MA5DT8Q54,4
116.22621716477917,23.48223962261987,MA5CTTPE8,4
113.67158445027277,23.00608978560158,MA5CTTPE8,10
113.67553551270434,23.00398421235788,MA5CTTPE8,9
114.26465624770094,25.137226326978393,MA5CTTPE8,4
113.25406162581419,22.70592705833595,MA5CTTPE8,8
112.63552680354225,24.468523986073826,MA5CTTPE8,7
112.62131279471295,24.47250773467746,MA5CTTPE8,8
113.62912883900476,23.05951699279523,MA5CTTPE8,4
113.62779515324864,23.05990462127214,MA5CTTPE8,4
113.6343958046174,23.04814330794823,MA5CTTPE8,4
113.88046324040845,22.934576231367693,MA5CTTPE8,24
113.90265283841201,22.910834232784545,MA5CTTPE8,21
114.66637350203933,23.729100141796252,MA5CTTPE8,5
115.65230675571455,22.954104633403666,MA5CTTPE8,4
115.65216199042305,22.954238839895115,MA5CTTPE8,4
113.16819485050853,23.037423706259524,MA01H3BQ1,4
113.15884540180633,23.06834884139088,MA5CTTPE8,18
113.92007126053666,22.89361508947238,MA5CTTPE8,8
116.59135273178295,24.397530657240317,MA5CTTPE8,4
113.82060684361234,23.06318857769141,MA01H3BQ1,4
110.03167048218113,20.98401311247342,MA5CTTPE8,4
113.10034704200079,23.211087614638252,MA5CTTPE8,4
112.64721170512122,22.44304651978276,MA5CTTPE8,8
113.01101366246566,23.07083589064349,MA5CTTPE8,11
113.30911480418531,22.7272237288349,MA5CTTPE8,4
113.31089445499464,22.72394735806869,MA5CTTPE8,4
113.71448265509997,22.83279265641314,MA5CTTPE8,4
113.71742897751915,22.81751318104294,MA5CTTPE8,4
113.73121592995619,22.80995936658067,MA01H3BQ1,12
113.15620857194777,23.098231359571283,MA5CTTPE8,4
113.16970346611983,23.09979608880474,MA5CTTPE8,8
113.25108182318992,22.872539047870415,MA5CTTPE8,4
112.32512895471878,22.27772236543825,MA5CTTPE8,4
112.48157760009505,22.357177197666775,MA5CTTPE8,4
113.99275982171689,22.841991925010532,MA5CTTPE8,9
113.02105226148551,23.020932672009916,MA5CTTPE8,10
113.09393714400082,23.065236097596514,MA01H3BQ1,8
113.61207573437387,22.903190444803222,MA5CTTPE8,4
113.60117824897667,22.900078086293707,MA5CTTPE8,12
113.58575517541392,22.875737380913495,MA5CTTPE8,6
113.58574318075401,22.875521463041878,MA5CTTPE8,4
113.65723629133433,22.87726736678763,MA59G0765,5
113.65723629133433,22.87726736678763,MA59G0765,4
113.6573699864308,22.878781511507384,MA01H3BQ1,4
113.66246487563701,22.881801654746845,MA5CTTPE8,10
113.13587644354045,22.598108295947547,MA5CTTPE8,4
113.0785449367368,22.555517047076844,MA5CTTPE8,4
113.0849337028032,22.545238680935544,MA5CTTPE8,4
113.1698171938131,23.21057730080938,MA5CTTPE8,4
113.160506200892,23.190490969844163,MA5CTTPE8,4
113.162025777336,23.19400653866742,MA5CTTPE8,4
113.68232940252703,22.94350061881575,MA5CTTPE8,13
113.67796617264334,22.93827886905922,MA5CTTPE8,4
113.69618501393535,22.92958977468527,MA59G0765,5
113.08524538839285,23.12552415317035,MA5CTTPE8,9
113.00074482793076,22.58505259270454,MA5CTTPE8,6
113.00223023894699,22.590049492148545,MA5CTTPE8,8
113.15300227004006,23.135786125752375,MA5CTTPE8,4
113.0731109731731,22.924023111946223,MA5CTTPE8,5
113.16832925097133,22.97566660958062,MA5CTTPE8,6
113.2599523366747,22.94453572012667,MA5CTTPE8,4
113.28544597282286,22.960503172820935,MA01H3BQ1,4
113.28019053144588,22.94859521674769,MA5CTTPE8,4
113.24986801656536,22.93581337649933,MA5CTTPE8,4
113.63928494127234,22.81668516219364,MA5CTTPE8,10
113.1416364890112,22.90729699402161,MA5CTTPE8,4
113.70653750984496,22.820104964242397,MA5CTTPE8,9
113.16498565675211,23.114617051336964,MA5CTTPE8,4
113.62849574764014,22.82569792780661,MA5CTTPE8,8
113.53687676383349,22.430286539357862,MA59G0765,4
113.53948670222289,22.43440880826908,MA5CTTPE8,11
111.46571751030085,23.247325682220957,MA5CTTPE8,4
115.93472787965133,23.433726974674634,MA5CTTPE8,4
115.6983806687572,23.47372021921677,MA5CTTPE8,4
114.48714699861003,22.87388369137538,MA5CTTPE8,10
116.58508946680259,23.765290483848126,MA5CTTPE8,4
113.03302610277866,23.653062735604035,MA5CTTPE8,4
113.03325043706447,23.653190207076964,MA5CTTPE8,4
113.02233711501745,22.705695618323723,MA5CTTPE8,4
113.0515490209443,23.01147781562722,MA5CTTPE8,17
113.18315446170591,22.659003909961314,MA5CTTPE8,9
116.17978145716394,23.740738943541324,MA5CTTPE8,5
116.18361818864034,23.74122199790682,MA5CTTPE8,4
112.0727591079911,21.825614663392987,MA5CTTPE8,6
113.45953812949047,22.69202449569681,MA5CTTPE8,4
113.33991859668632,22.38325091493741,MA5CTTPE8,5
113.24867370210623,22.61319681541971,MA5CTTPE8,9
113.22200402441965,22.622329218333686,MA5CTTPE8,6
113.21638258889881,22.630664626465737,MA5CTTPE8,8
113.24698098751296,22.614641804738536,MA5CTTPE8,6
113.25407992199348,22.59503599629026,MA5CTTPE8,4
113.20645816310092,22.66515932064233,MA5CTTPE8,5
114.4877688245944,23.193751720240726,MA51CMNT6,4
114.19157132705676,23.085363161695362,MA5CTTPE8,4
114.57167921563516,23.115296118014914,MA5CTTPE8,5
114.18428096690607,23.08474288747707,MA5CTTPE8,10
112.82481637542654,22.481991918862878,MA5CTTPE8,5
112.9921760828958,22.72666983332091,93953763R,4
112.86067757588545,22.049862438654475,MA5CTTPE8,4
112.81588668751589,22.150284319406445,MA5CTTPE8,4
112.81578952752746,22.15015808800598,MA5CTTPE8,4
113.38404553891381,22.58707769700539,MA5CTTPE8,9
113.15960007691831,22.49436348498683,MA5CTTPE8,4
114.4347026961943,23.500499055119136,MA5CTTPE8,4
114.43861868664244,23.498700868255266,MA5CTTPE8,4
114.09168226164206,23.615556501470678,MA5CTTPE8,4
114.09225739138425,23.604636354095064,MA5CTTPE8,8
116.34579055610754,23.1387487983306,MA5CTTPE8,4
116.54492659540372,23.184278157720026,MA5CTTPE8,4
115.97804207555764,24.02534956973428,MA5CTTPE8,5
116.14725370889661,24.268926281567722,MA5CTTPE8,4
112.53280443154789,23.420225264592368,MA5CTTPE8,4
114.24081488870372,22.958194603208916,MA5CTTPE8,4
114.24247608051091,22.959250359631824,MA5CTTPE8,4
116.7386342270393,23.476454767113744,MA5CTTPE8,7
113.36401033491701,23.19529935222899,MA5CTTPE8,6
113.41189936224927,22.884962493977707,MA59G0765,4
113.4710798172411,22.83902565020413,MA5CTTPE8,6
113.57357866466715,22.208274775614303,MA5CTTPE8,4
113.57408940044941,22.206983763922185,MA5CTTPE8,44
114.23820066971119,22.565697013335733,MA01H3BQ1,5
113.72548528796229,24.871174346704162,MA5CTTPE8,4
114.49211821101709,23.195628064612674,MA51CMNT6,4
114.50570193553905,22.744788955582372,MA51CMNT6,4
113.45029408368838,22.140207922679355,MA5CTTPE8,18
111.83081722977956,22.96661064448539,MA5CTTPE8,4
113.41971688186351,22.896465526210555,MA59G0765,4
113.44454582165667,22.995602158682818,MA59G0765,4
113.32463801831925,22.048158817911467,MA59G0765,5
113.33705038598809,22.166990283632092,MA59G0765,5
113.51281232045386,22.26369145019906,MA59G0765,5
113.28816039934526,23.068612747195285,MA59G0765,4
113.28272843242252,23.074473842313804,MA01H3BQ1,19
113.28541465461032,23.070166017133957,MA01H3BQ1,4
113.28611359510687,23.06969923338786,MA01H3BQ1,9
113.47654231539791,22.345044779125406,MA5CTTPE8,4
113.47122523008004,22.32547367467562,MA5CTTPE8,4
113.42437517868609,22.86819013419023,MA59G0765,4
113.53083849387812,22.208302581799476,MA59G0765,4
113.52585873032051,22.201707564062477,MA59G0765,4
113.52460942192849,22.207963445371025,MA59G0765,5
113.4659568359981,22.215273363208865,MA59G0765,4
113.4353525104998,22.29631626095142,MA59G0765,4
113.4567462801979,22.957969761493178,MA59G0765,4
113.4744504212802,22.87454639130388,MA59G0765,4
113.40819279439455,23.056466435361482,MA5CTTPE8,19
113.40085304987275,23.057686354668412,MA5CTTPE8,19
113.40849271799367,22.33435096828379,MA5CTTPE8,4
113.4475429985597,22.84974886205613,MA59G0765,4
113.47573203901938,23.18148231815191,MA5CTTPE8,104
113.50116786254908,23.15373850082565,MA59G0765,4
113.37153112392723,23.144435211022518,MA59G0765,4
113.56057861538295,23.113244969665224,MA59G0765,4
113.56060868109353,23.11311006790981,MA01H3BQ1,4
113.56060868109353,23.11311006790981,MA59G0765,4
113.45825970129097,23.615809693395843,MA59G0765,4
111.88053757051958,22.971717559914808,MA59G0765,4
111.8820888093271,22.972276326541643,MA59G0765,4
113.37644586629897,23.082466096974674,MA59G0765,5
113.3728589818047,23.083635823785777,MA59G0765,16
113.36519768089174,23.080828383735234,MA59G0765,19
113.20002021122755,23.11873586554941,MA59G0765,12
113.55100839513996,23.191445868178,MA59G0765,6
115.73761640125444,23.902791483829787,MA5CTTPE8,4
113.29473812158274,23.30589655964368,MA59G0765,22
113.7331149242286,22.902544727228058,MA5CTTPE8,12
113.70795268935473,22.85953825720183,MA59G0765,95
113.4273995877812,23.38406170301752,MA59G0765,4
113.427424624149,23.38412772519697,MA59G0765,16
113.42742462871594,23.384061737194752,MA59G0765,9
113.42739457503086,23.384127684187497,MA59G0765,13
113.42738456731728,23.38400269325364,MA59G0765,22
113.42736854142296,23.383998672132066,MA59G0765,8
113.21109022974538,23.243237245344986,MA59G0765,12
113.21107020706064,23.24323522248093,MA59G0765,12
113.21106019847868,23.24319322446305,MA59G0765,18
113.2735614589081,23.359236395264034,MA59G0765,4
113.27384054790608,23.36772035416522,MA59G0765,21
113.26741746230225,23.369400139945295,MA01H3BQ1,69
113.54904696551687,23.12840465117559,MA59G0765,8
113.54074774229424,23.13148149334322,MA59G0765,6
113.25896830042316,23.23838124469072,MA59G0765,26
113.86263621483174,22.65910379614363,MA5DT8Q54,71
113.87703142302422,22.788379215586048,MA5DT8Q54,4
114.61869179532675,23.602715314713464,MA5CTTPE8,4
113.88296352555199,22.670859759186193,MA5DT8Q54,6
113.97906625711235,23.146445899353893,MA51CMNT6,4
114.42645438379674,22.621959098055328,MA5DT8Q54,4
114.39779082361267,22.618770597326304,MA5DT8Q54,4
114.07577583732478,22.625803218573587,MA01H3BQ1,6
113.983812970788,22.554070511564714,MA01H3BQ1,9
113.98300436549022,22.56360211256849,MA01H3BQ1,5
114.04449824966217,22.681638175189384,MA01H3BQ1,4
113.92296054763597,22.58510563239798,MA01H3BQ1,11
114.10293546142314,22.626493615913425,MA01H3BQ1,6
114.20678667564974,22.668833151928368,MA01H3BQ1,8
113.9691887060135,22.695933002865637,MA01H3BQ1,4
113.92035673431995,22.727690335107827,MA01H3BQ1,11
114.040767240638,22.725948683245797,MA01H3BQ1,13
114.040767240638,22.725948683245797,MA01H3BQ1,10
113.91913681921304,22.576064773301624,MA01H3BQ1,10
114.04297264625362,22.650278215409376,MA59G0765,16
114.04214858104538,22.73230384911212,MA01H3BQ1,8
114.04214858104538,22.73230384911212,MA01H3BQ1,24
114.11989505533067,22.644590089773946,MA01H3BQ1,23
113.85924695879132,22.628253139160975,MA01H3BQ1,33
114.01078645411108,22.53532948271269,MA01H3BQ1,4
114.2972655600211,22.72409402561083,MA01H3BQ1,38
113.88718920379542,22.727025651873227,MA01H3BQ1,10
113.88754060335347,22.72705578767557,MA01H3BQ1,16
113.88389383130584,22.51142822773595,MA01H3BQ1,4
113.84339450360832,22.71963058303749,MA5DT8Q54,79
114.02702569848834,22.74715879577406,MA01H3BQ1,35
114.13083697050112,22.64906369731619,MA01H3BQ1,6
113.8350780147523,22.64029316444323,MA01H3BQ1,20
113.8297084261231,22.644869333662175,MA01H3BQ1,37
113.67469541822376,22.84254165683517,MA59G0765,4
113.15798711495059,23.019618157339078,MA59G0765,11
113.60733708205719,22.953344758082117,MA5CTTPE8,4
115.24098321306774,24.091075381478213,MA5CTTPE8,4
115.24114122704057,24.091008376657943,MA51FG5T1,4
113.42083141165514,22.99790076955277,MA59G0765,4
113.35837187611216,23.44551997234184,MA59G0765,18
113.34155128902009,23.434335354462785,MA01H3BQ1,4
113.24704388639574,23.157737285995605,MA59G0765,4
113.32188491482471,23.080935231756566,MA01H3BQ1,42
113.2880127947958,22.962145799964627,MA59G0765,8
113.28917598264933,22.96084563910811,MA59G0765,14
113.29265974239742,22.96613803642631,MA59G0765,8
113.28807763343849,22.962986345130922,MA01H3BQ1,4
113.1851513545252,23.398817420630238,MA59G0765,4
113.19125735485441,23.38932146829548,MA5CTTPE8,6
113.26748490334737,23.258548789143486,MA01H3BQ1,68
113.25856241575256,23.25545292706676,MA59G0765,103
113.40096478887017,23.149457455089237,MA59G0765,6
113.41316332534318,23.42634608155284,MA59G0765,4
113.46007501376936,23.030112933257897,MA59G0765,4
113.30026987939648,23.05665846328992,MA59G0765,8
113.35764916950174,23.210769370465904,MA01H3BQ1,6
113.28787267384332,23.3373172121195,MA01H3BQ1,4
113.29141627887576,23.34462120015666,MA01H3BQ1,4
113.28440778167833,23.342428927063555,MA01H3BQ1,4
113.28965929132909,23.34389104301409,MA01H3BQ1,4
113.34311581715971,23.18072865125785,MA01H3BQ1,9
113.34311581715971,23.18072865125785,MA01H3BQ1,6
113.3406806072153,23.1775811381774,MA01H3BQ1,4
113.34471691480071,23.180068120511773,MA5CTTPE8,19
113.27334737099622,22.978660197208416,MA01H3BQ1,43
113.35367224645147,23.458652624847197,MA01H3BQ1,17
113.28291795982838,23.225486720293194,MA01H3BQ1,4
113.28103044523952,23.229389849465857,MA01H3BQ1,26
113.36739079881983,23.054883824059154,MA01H3BQ1,4
113.31732522048809,23.214606567551563,MA01H3BQ1,49
113.24848701871058,23.25496853261727,MA01H3BQ1,4
113.40145470350413,23.153079131892234,MA01H3BQ1,5
113.25502029144302,23.169115915132966,MA01H3BQ1,4
113.25469049474705,23.168573252067066,MA01H3BQ1,7
113.26390398132686,23.172670567708543,MA01H3BQ1,4
113.25469548351842,23.168703200448974,MA01H3BQ1,4
113.32738196039634,23.178496490480132,MA01H3BQ1,7
113.28900951980253,22.897216561930797,MA5CTTPE8,18
113.29511051993451,23.33433674210758,MA01H3BQ1,4
113.25862593572677,23.20262979660684,MA01H3BQ1,7
113.26389127946013,23.21293282528984,MA01H3BQ1,16
113.24933983673239,23.20969861312443,MA01H3BQ1,4
113.26231359549594,23.19780932828996,MA01H3BQ1,16
113.3740705359923,23.04433543110044,MA01H3BQ1,4
113.25004928880402,23.065686563887322,MA01H3BQ1,4
113.21043214280844,23.054551729039375,MA01H3BQ1,4
113.21043214280844,23.054551729039375,MA01H3BQ1,5
113.20169578845018,23.056323464850735,MA5CTTPE8,10
113.19891811237821,23.066367106878754,MA5CTTPE8,24
113.1932862730814,23.23237371005922,MA01H3BQ1,4
113.25761540170826,23.220051164065094,MA01H3BQ1,34
113.25761540170826,23.220051164065094,MA01H3BQ1,10
113.75854043805153,23.283566708942594,MA01H3BQ1,4
113.39764630660264,23.11579560093987,MA01H3BQ1,4
113.29451327607376,23.16219772303577,MA01H3BQ1,11
113.18941568255623,23.29517592092073,MA01H3BQ1,6
113.40039554160688,23.13595571475758,MA01H3BQ1,4
113.29743398296023,23.221568153307878,MA01H3BQ1,23
112.2161689035323,22.072266669864167,MA5CTTPE8,4
112.21807524729657,22.072239553632848,MA5CTTPE8,4
112.21801317255402,22.07224749726408,MA5CTTPE8,4
113.1236485225965,23.10960001456171,MA01H3BQ1,4
113.1236485225965,23.10960001456171,MA01H3BQ1,4
114.56108277627212,24.44913164409661,MA5DT8Q54,5
114.56010993013433,24.45048850605239,MA5DT8Q54,6
114.57218974798526,24.462081216947606,MA5CTTPE8,4
114.05891107691527,22.523978326124332,MA01H3BQ1,5
114.05744249004172,22.523334617345796,MA01H3BQ1,6
114.05817173946642,22.524219446130143,MA01H3BQ1,4
114.05309726247643,22.67403444665011,MA01H3BQ1,8
113.89046577863414,23.820457845765997,MA5DT8Q54,5
113.89068089349645,23.821984401902213,MA5DT8Q54,7
113.64256800633578,23.612402558722565,MA5DT8Q54,7
113.64157726145503,23.613584341976907,MA5DT8Q54,6
114.05339747996328,22.512257664836824,MA01H3BQ1,7
114.05485864586204,22.68388513478531,MA5DT8Q54,16
114.45607568374888,22.815083539270304,MA01H3BQ1,7
113.01869528739863,23.1506470372446,MA01H3BQ1,23
113.01869528739863,23.1506470372446,MA01H3BQ1,13
114.34938026791359,23.046466097753203,MA01H3BQ1,4
114.34333993621661,23.020775467923837,MA01H3BQ1,4
114.0532531097193,22.50512305274866,MA01H3BQ1,4
113.00576110252662,23.128846377692252,MA01H3BQ1,23
113.16981651207212,23.02797784053546,MA5CTTPE8,17
113.15690092057093,23.229726366917177,MA01H3BQ1,4
114.35064009441349,23.02495833316555,MA01H3BQ1,4
114.35184943244647,23.01239683533277,MA01H3BQ1,4
113.16506969314949,23.027385122468118,MA01H3BQ1,11
113.16506969314949,23.027385122468118,MA01H3BQ1,10
114.33626102806672,23.005395891361147,MA01H3BQ1,8
113.07570812840012,22.922543601663858,MA01H3BQ1,7
114.02499238377976,23.61399277143397,MA01H3BQ1,4
114.09046185000119,22.89352984734085,MA01H3BQ1,4
113.88378938157408,22.737420001044722,MA01H3BQ1,8
113.24535305970795,23.174137100353477,MA01H3BQ1,4
113.13674701427058,23.232078752503433,MA01H3BQ1,4
113.51018963289741,22.78366274967235,MA01H3BQ1,4
113.22470871318275,23.063746647705194,MA01H3BQ1,4
113.22906035400491,23.167337228122474,MA01H3BQ1,4
113.39373731981641,23.097502333396218,MA01H3BQ1,6
113.26392105308874,23.21591375799044,MA01H3BQ1,4
113.17283010730037,23.23569034054735,MA01H3BQ1,10
113.4069584502902,23.137271228078674,MA01H3BQ1,4
113.81714535242673,23.02004562527989,MA01H3BQ1,19
112.98419338382689,22.74243440644785,MA01H3BQ1,4
113.33714077378909,22.98183003330131,MA01H3BQ1,11
113.56679879330456,23.12428648915629,MA01H3BQ1,17
113.56689895013496,23.124353577546486,MA01H3BQ1,18
113.26378646621976,22.97308203263789,MA5CTTPE8,4
113.26378646621976,22.97308203263789,MA5CTTPE8,4
116.05535612829266,24.280889704998433,MA5CTTPE8,4
113.35760302896358,23.300914996218907,MA01H3BQ1,26
113.80326424253914,23.441239202278933,MA5CTTPE8,4
113.80370320789856,23.44344472191472,MA5CTTPE8,4
113.93479864844322,22.558954527322985,398496747,4
114.2675577872683,22.58931177237858,MA01H3BQ1,8
114.25908868230958,22.59294708370072,MA01H3BQ1,5
114.03879134001167,22.775210039440605,MA01H3BQ1,6
114.11035077683857,22.772239037398585,MA01H3BQ1,5
114.03753395922425,22.615800491922585,MA01H3BQ1,10
114.05926035460851,22.5302775253817,MA01H3BQ1,4
114.04211378213093,22.806246070897778,MA01H3BQ1,12
114.26851745533489,22.589770901979787,MA01H3BQ1,4
114.00767391395867,22.537809543297048,MA01H3BQ1,11
113.93671828768406,22.49925998635552,MA01H3BQ1,5
114.6472593917719,22.79174004585024,MA5CTTPE8,4
114.64769370366874,22.790369751140517,MA5CTTPE8,4
114.65204499868354,22.786868142775866,MA5CTTPE8,28
116.67953418569823,23.250782177700195,MA5CTTPE8,4
116.67070697926033,23.249806167473007,MA5CTTPE8,4
113.60292262028418,23.97938874941628,MA5CTTPE8,4
113.60321239411402,23.98243887983971,MA5CTTPE8,4
113.6030265939319,23.97967982361722,MA5CTTPE8,4
113.90671418319403,24.984599686239715,MA5CTTPE8,4
113.90808733154871,24.986504777088722,MA5CTTPE8,4
113.61597308789938,24.752349601434638,MA5CTTPE8,4
113.61765103327104,24.752308966461133,MA5CTTPE8,4
113.59770783790107,23.31358499930546,MA5CTTPE8,4
113.59686558542465,23.314983803304493,MA5CTTPE8,4
115.83832382462093,22.959523482450457,MA5CTTPE8,5
115.66107623560185,22.960570487792598,MA5CTTPE8,4
115.66148861491575,22.95896539455497,MA5CTTPE8,4
116.11811703460445,23.47183868937098,MA5CTTPE8,4
116.50239172202348,23.062218713154994,MA5CTTPE8,5
116.12994281901523,23.827359003540334,MA5CTTPE8,4
112.98431047652149,22.719398649981628,MA5CTTPE8,4
112.98638917970985,22.718729582196286,MA5CTTPE8,4
116.27136178607209,23.039105230930932,MA5CTTPE8,4
116.2712230141855,23.037265159962352,MA5CTTPE8,4
115.96545343623377,22.970993748527338,MA5CTTPE8,4
114.30440624851991,25.158816975922083,MA5CTTPE8,4
114.30457812556232,25.15717577739549,MA5CTTPE8,4
113.0405561229387,22.57307876327249,93953763R,10
113.90007392484623,23.461755723011446,MA5CTTPE8,4
113.89874315102695,23.461538886744904,MA5CTTPE8,4
113.36709954910809,23.19467685061583,MA5CTTPE8,5
114.15167764170144,22.65203190122123,MA01H3BQ1,4
114.54569159021267,23.099016422541297,MA5CTTPE8,4
114.54768760220705,23.095611828411595,MA5CTTPE8,4
113.27120397496955,22.991423850103114,MA59G0765,8
113.33076165607821,23.301433702588927,MA59G0765,10
114.04569965655607,22.63284683126282,MA01H3BQ1,4
112.95810389450921,23.678278596815584,MA5CTTPE8,4
112.95576079402468,23.6793555716252,MA5CTTPE8,4
112.22944262574322,22.73538859686252,MA01H3BQ1,4
113.37993177356304,23.10434128049129,MA59G0765,14
113.38160498622088,23.15861433540254,MA5CTTPE8,12
114.2219654925986,22.679850114988177,MA5DT8Q54,10
116.17676702916873,24.830993608550596,MA5CTTPE8,4
115.48454638987859,23.613552413956683,MA5CTTPE8,4
115.60750825880237,23.644717301765194,MA5CTTPE8,4
113.6942265024621,23.16868843517663,MA5CTTPE8,4
115.95213682617859,24.472554569830233,MA5CTTPE8,4
116.14548541679586,23.768360066775625,MA5CTTPE8,4
116.13740487467892,24.38136809591725,MA5CTTPE8,4
116.08187860524508,24.154013068275667,MA5CTTPE8,4
114.61816213892739,23.60516508013899,MA59G0765,4
115.89115233155093,23.986049607356346,MA5CTTPE8,4
115.8530322612179,24.071174181501288,MA5CTTPE8,4
115.69428794753154,24.36566841034295,MA5CTTPE8,4
116.19812321256627,24.28127273814421,MA5CTTPE8,4
116.80167006296692,24.26114210724772,MA5CTTPE8,4
116.51428397369737,24.349819579002144,MA5CTTPE8,4
116.72300682945443,24.147467777215464,MA5CTTPE8,4
113.02000207959841,22.970381396928136,MA5CTTPE8,12
113.05840348443232,22.929118683034222,MA5CTTPE8,4
113.74460634612981,22.81728214567392,MA5CTTPE8,12
114.27573162568319,23.76994871398247,MA5CTTPE8,10
113.20430333661734,22.695719317302302,MA5CTTPE8,4
113.02567067833624,23.21091644071945,MA5CTTPE8,6
113.69440499428494,22.840799272674847,MA5CTTPE8,18
113.17578155428983,22.84895270432009,MA5CTTPE8,4
113.60269636279453,23.983382497206613,MA5CTTPE8,4
113.01737770628968,23.67958679748275,MA4WTWF39,4
113.91148141411945,22.90169102921347,MA5CTTPE8,4
113.17966857605848,22.84983952592393,MA5CTTPE8,4
113.17928974415257,22.822029225407185,MA5CTTPE8,4
113.18173434939233,22.818774845097465,MA5CTTPE8,4
113.16287332963608,22.91237308099774,MA5CTTPE8,4
113.16243231988197,22.915231065206225,MA5CTTPE8,4
113.18605402069856,23.42677988730248,MA5DT8Q54,33
113.1846706941694,23.42556862018686,MA5CTTPE8,38
115.7176238816047,23.325585688213643,MA5CTTPE8,4
113.25712146689153,23.223511210137673,MA5CTTPE8,10
113.25712146689153,23.223511210137673,MA5CTTPE8,7
114.03383580041204,22.78267923268511,MA5CTTPE8,12
114.06688077210994,22.76189622969031,MA5CTTPE8,24
113.11442204908366,22.93387036973903,MA5CTTPE8,4
114.59955923390378,23.143506250379495,MA5CTTPE8,4
113.36082964825042,22.27665882013901,MA5CTTPE8,4
114.59017955087484,22.993596289058083,MA5CTTPE8,4
114.31208778359037,22.922517162314154,MA5CTTPE8,10
114.49827714749411,22.94458591345022,MA5CTTPE8,4
114.5226842807459,23.487390743047154,MA5CTTPE8,4
114.42898841894404,23.41729485505223,MA5CTTPE8,5
114.51096341752898,23.467540106077557,MA5CTTPE8,6
114.08335259246982,23.167463764087184,MA5CTTPE8,4
114.08970072167186,23.15984089088905,MA5CTTPE8,4
114.51592754613883,22.752005482067556,MA5CTTPE8,20
110.30603007291172,21.12576017406854,MA5CTTPE8,5
114.52433492735352,23.16654856553461,MA5CTTPE8,4
113.68612685970372,22.946041728165206,MA5CTTPE8,9
113.213331697757,23.228493719513136,MA5CTTPE8,41
114.47222542896291,22.996118042414068,MA5CTTPE8,16
114.45480653669979,23.039396095461626,MA5CTTPE8,5
114.32929141167862,23.11354484962692,MA5CTTPE8,4
116.68983659211568,23.286787600764416,MA5CTTPE8,4
116.68221681824319,23.269091446873126,MA5CTTPE8,4
111.23693274417805,21.880561740485795,MA5CTTPE8,4
116.6711254472886,23.242674708187014,MA5CTTPE8,4
113.45392040525078,24.733320601989018,MA5CTTPE8,4
114.11086057365449,24.008354127779956,MA5CTTPE8,4
111.48514657428134,23.479895477672496,MA5CTTPE8,4
113.25718572635286,22.709507806448425,MA5CTTPE8,4
116.66508348207954,23.75664957799819,MA5CTTPE8,4
112.8069485173613,23.25836762541298,MA5CTTPE8,8
112.7978433241538,23.345392294996614,MA5CTTPE8,6
116.71481373897907,23.600076454202252,MA5CTTPE8,4
112.91560746332533,22.410643524579868,MA5CTTPE8,4
116.73720573571282,23.43796884652988,MA5CTTPE8,4
116.73978388760106,23.439947914695093,MA5CTTPE8,4
116.73386810206848,23.441789673652345,MA5CTTPE8,4
113.07382358137207,22.196973784309787,MA5CTTPE8,6
113.09250953287193,22.43895492863366,MA5CTTPE8,4
113.82460235555871,25.059569028828914,MA5CTTPE8,4
113.36741737153892,22.752015786679554,MA5CTTPE8,4
113.50064364350612,23.501159290347047,MA5CTTPE8,6
113.4996420665273,23.502042259654573,MA5CTTPE8,7
113.40704315063384,22.582981102352797,MA5CTTPE8,10
116.29652045021842,23.621648193967168,MA5CTTPE8,4
114.19738177223235,22.953309255614545,MA5CTTPE8,5
116.48797764371797,23.593662908700974,MA5CTTPE8,4
111.68562999173162,22.70741810035621,MA5CTTPE8,4
116.00046697102876,23.394115326668107,MA5CTTPE8,4
114.77262069632127,23.355364790226346,MA5CTTPE8,6
114.77305015154364,23.35523724170503,MA5CTTPE8,4
116.18284214838913,23.363703901047792,MA5CTTPE8,4
113.60627217898869,24.85055049734565,MA5CTTPE8,4
111.43242849625177,22.539794963923093,MA5CTTPE8,4
111.68158354663886,22.765243626638142,MA5CTTPE8,4
112.19112304865143,22.93316617388315,MA5CTTPE8,4
112.07745434837274,22.769805342401018,MA5CTTPE8,4
113.44422825657594,24.74685546307713,MA5CTTPE8,4
113.46563548421851,24.880761652104358,MA5CTTPE8,4
113.29736503724894,23.296164906993887,MA5CTTPE8,29
113.29736503724894,23.296164906993887,MA5CTTPE8,16
113.13811931110833,24.98635136189326,MA5CTTPE8,4
113.2293391389907,22.585186609733046,MA5CTTPE8,4
113.72841263029026,23.163167651341286,MA5CTTPE8,4
112.82689500405272,22.259942046128685,MA5CTTPE8,4
114.61155616687613,23.5776507474902,MA5CTTPE8,10
115.08586340144305,23.954181812526024,MA5CTTPE8,4
115.44463359961883,24.7029293320831,MA5CTTPE8,4
115.14127110008518,24.160979530060082,MA5CTTPE8,4
115.56324282093091,23.186362831873083,MA5CTTPE8,4
113.65776840800538,24.23268301959049,MA5CTTPE8,6
112.91871170968653,23.916426780261926,MA5CTTPE8,4
114.10580436260692,22.758431588155503,MA5CTTPE8,12
113.31351160072991,23.483847584743128,MA5CTTPE8,4
113.35400832740416,23.478497569749862,MA5CTTPE8,4
113.25875298148563,23.18586285789279,MA5CTTPE8,6
112.09050731510958,24.411880204179205,MA5CTTPE8,4
113.2521586739761,22.70256254986396,MA5CTTPE8,5
113.2472681038609,22.703126370497774,MA5CTTPE8,4
112.60436854578809,24.756068968977957,MA5CTTPE8,4
113.35948833126115,23.21269009532289,MA5CTTPE8,22
113.34726587874984,23.172062814368953,MA5CTTPE8,16
113.34237273203435,23.17298687592425,MA5CTTPE8,38
112.65284042034564,22.448387745625496,MA5CTTPE8,7
113.37186121658755,24.305489853857495,MA5CTTPE8,21
112.6927894658259,24.23362751325708,MA5CTTPE8,4
114.10285162882128,22.881587631431838,MA5CTTPE8,8
109.99332881157717,20.66052091502643,MA5CTTPE8,6
116.17440430883391,23.734618483016494,MA5CTTPE8,6
113.36625182397167,22.197641014000585,MA5CTTPE8,4
110.13568701009878,21.712393889254578,694744935,4
110.13425672932937,21.713349143766475,694744935,4
110.28568145968305,21.480109658891013,694744935,4
110.28371069096592,21.479024102778574,694744935,4
114.11032144985909,23.99830253631778,MA5DT8Q54,17
114.10849485541368,23.997217836303594,MA5DT8Q54,12
111.90691664851575,22.29859549949817,MA5DT8Q54,4
116.04682893402563,24.278287526057056,MA5CTTPE8,4
113.13195490361147,22.554316165692672,93953763R,23
114.42082582477785,24.270959361949803,MA5CTTPE8,4
114.24708355315538,24.42179857151727,MA5CTTPE8,4
114.8474739539823,24.256395279062104,MA5CTTPE8,4
113.16482579859876,23.01906025530601,749185561,6
116.08317572116289,23.467163637929186,MA5CTTPE8,4
